{
  "project_info": {
    "project_number": "991044122146",
    "firebase_url": "https://phyco-94185-default-rtdb.firebaseio.com",
    "project_id": "phyco-94185",
    "storage_bucket": "phyco-94185.appspot.com"
  },
  "client": [
    {
      "client_info": {
        "mobilesdk_app_id": "1:991044122146:android:bbb7011fc83bf622283c7b",
        "android_client_info": {
          "package_name": "com.example.psycho_pass"
        }
      },
      "oauth_client": [
        {
          "client_id": "991044122146-4mumh1pphu4r82akd97uipqduugubn2h.apps.googleusercontent.com",
          "client_type": 3
        }
      ],
      "api_key": [
        {
          "current_key": "AIzaSyBMA8qGY6SAr61Dg3Tm41vdP4plb330pzY"
        }
      ],
      "services": {
        "appinvite_service": {
          "other_platform_oauth_client": [
            {
              "client_id": "991044122146-4mumh1pphu4r82akd97uipqduugubn2h.apps.googleusercontent.com",
              "client_type": 3
            }
          ]
        }
      }
    }
  ],
  "configuration_version": "1"
}